{"cameraMode":{"drawMode":0,"name":"Shaded","section":"Shading Mode"},"sceneLighting":true,"audioPlay":false,"sceneViewState":{"m_AlwaysRefresh":false,"showFog":true,"showSkybox":true,"showFlares":true,"showImageEffects":true,"showParticleSystems":true,"showVisualEffectGraphs":true,"m_FxEnabled":true},"in2DMode":false,"pivot":{"x":531.2337646484375,"y":279.4742431640625,"z":-348.42626953125},"rotation":{"x":0.007804177235811949,"y":-0.03749408200383186,"z":0.0002926124434452504,"w":0.9992603659629822},"size":223.98648071289063,"orthographic":true}