{"cameraMode":{"drawMode":0,"name":"Shaded","section":"Shading Mode"},"sceneLighting":true,"audioPlay":false,"sceneViewState":{"m_AlwaysRefresh":false,"showFog":true,"showSkybox":true,"showFlares":true,"showImageEffects":true,"showParticleSystems":true,"showVisualEffectGraphs":true,"m_FxEnabled":true},"in2DMode":false,"pivot":{"x":531.2337646484375,"y":279.4742431640625,"z":-348.42626953125},"rotation":{"x":0.025797272101044656,"y":-0.026991792023181917,"z":0.0006966522778384388,"w":0.9992961883544922},"size":449.8456115722656,"orthographic":true}